outcome,rate
dropout,0.3116006504464149
failure,0.2163654772497162
any_risk,0.527966127696131
